{"mean":{"confidence_interval":{"confidence_level":0.95,"lower_bound":34131140.25,"upper_bound":34907781.375},"point_estimate":34508689.0,"standard_error":197895.85698757405},"median":{"confidence_interval":{"confidence_level":0.95,"lower_bound":33266775.0,"upper_bound":33976425.0},"point_estimate":33548850.0,"standard_error":187998.75922510342},"median_abs_dev":{"confidence_interval":{"confidence_level":0.95,"lower_bound":674649.7050225742,"upper_bound":1788645.6732451916},"point_estimate":1101312.3254477978,"standard_error":277660.078784756},"slope":null,"std_dev":{"confidence_interval":{"confidence_level":0.95,"lower_bound":1670873.8847562086,"upper_bound":2269063.2585441736},"point_estimate":1991883.018305832,"standard_error":152949.55639950826}}