{"mean":{"confidence_interval":{"confidence_level":0.95,"lower_bound":0.009453632863617143,"upper_bound":0.050319866157666746},"point_estimate":0.02884458123522693,"standard_error":0.010726254219627513},"median":{"confidence_interval":{"confidence_level":0.95,"lower_bound":0.013498255835919829,"upper_bound":0.03216215802599254},"point_estimate":0.02251121114914234,"standard_error":0.004792789970119835}}