{"mean":{"confidence_interval":{"confidence_level":0.95,"lower_bound":11692047.64,"upper_bound":11963366.545},"point_estimate":11825565.6,"standard_error":69379.32792247878},"median":{"confidence_interval":{"confidence_level":0.95,"lower_bound":11441360.0,"upper_bound":11753580.0},"point_estimate":11560790.0,"standard_error":74909.88795354751},"median_abs_dev":{"confidence_interval":{"confidence_level":0.95,"lower_bound":366024.28150177,"upper_bound":753427.6546239853},"point_estimate":543535.9763503075,"standard_error":98512.09726065515},"slope":null,"std_dev":{"confidence_interval":{"confidence_level":0.95,"lower_bound":598162.5981261125,"upper_bound":774591.2822429872},"point_estimate":695003.4821456547,"standard_error":45169.34062712905}}