{"mean":{"confidence_interval":{"confidence_level":0.95,"lower_bound":2.681877171409252,"upper_bound":2.950832781100193},"point_estimate":2.811995414807139,"standard_error":0.06723316161622135},"median":{"confidence_interval":{"confidence_level":0.95,"lower_bound":2.4344629630217924,"upper_bound":2.8765962405660623},"point_estimate":2.5708039755010144,"standard_error":0.11338054864434831}}