{"mean":{"confidence_interval":{"confidence_level":0.95,"lower_bound":416506411.975,"upper_bound":437714208.09999996},"point_estimate":426746326.0,"standard_error":5424135.198485209},"median":{"confidence_interval":{"confidence_level":0.95,"lower_bound":415566300.0,"upper_bound":426921400.0},"point_estimate":419914250.0,"standard_error":3092535.754860771},"median_abs_dev":{"confidence_interval":{"confidence_level":0.95,"lower_bound":20118288.60282898,"upper_bound":59954934.46558714},"point_estimate":37193911.409676075,"standard_error":11497188.263561446},"slope":null,"std_dev":{"confidence_interval":{"confidence_level":0.95,"lower_bound":42989945.229328535,"upper_bound":64708467.9823023},"point_estimate":54439514.78206421,"standard_error":5530938.84365169}}