{"mean":{"confidence_interval":{"confidence_level":0.95,"lower_bound":1281781684.625,"upper_bound":1321172921.35},"point_estimate":1301221439.0,"standard_error":10073891.466899319},"median":{"confidence_interval":{"confidence_level":0.95,"lower_bound":1270864000.0,"upper_bound":1313969500.0},"point_estimate":1288283550.0,"standard_error":10712855.557336494},"median_abs_dev":{"confidence_interval":{"confidence_level":0.95,"lower_bound":90158831.77936077,"upper_bound":142095865.5872941},"point_estimate":123171588.87326717,"standard_error":13173667.433306582},"slope":null,"std_dev":{"confidence_interval":{"confidence_level":0.95,"lower_bound":87713673.73226799,"upper_bound":113723163.21741024},"point_estimate":101426614.27941701,"standard_error":6656234.278146896}}