{"mean":{"confidence_interval":{"confidence_level":0.95,"lower_bound":3937439.9230769235,"upper_bound":4037712.775000001},"point_estimate":3984640.692307694,"standard_error":25747.667566939635},"median":{"confidence_interval":{"confidence_level":0.95,"lower_bound":3872446.153846154,"upper_bound":3919315.3846153845},"point_estimate":3893719.230769231,"standard_error":10693.64124329228},"median_abs_dev":{"confidence_interval":{"confidence_level":0.95,"lower_bound":78007.5678458579,"upper_bound":176155.6861033805},"point_estimate":119600.19941513352,"standard_error":23483.92717218505},"slope":null,"std_dev":{"confidence_interval":{"confidence_level":0.95,"lower_bound":178535.77112477898,"upper_bound":344444.0623739334},"point_estimate":260914.01342565473,"standard_error":44149.83734507649}}