{"mean":{"confidence_interval":{"confidence_level":0.95,"lower_bound":11370206.22,"upper_bound":11568572.635},"point_estimate":11465652.2,"standard_error":50788.71700176924},"median":{"confidence_interval":{"confidence_level":0.95,"lower_bound":11234520.0,"upper_bound":11409480.0},"point_estimate":11318330.0,"standard_error":47101.15199902256},"median_abs_dev":{"confidence_interval":{"confidence_level":0.95,"lower_bound":327224.64019060135,"upper_bound":600082.3393464088},"point_estimate":450265.61200618744,"standard_error":74104.2960062059},"slope":null,"std_dev":{"confidence_interval":{"confidence_level":0.95,"lower_bound":397396.8411460493,"upper_bound":627010.0370302242},"point_estimate":509935.25917379616,"standard_error":59974.69790284749}}