{"mean":{"confidence_interval":{"confidence_level":0.95,"lower_bound":482549947.175,"upper_bound":503121183.35},"point_estimate":492970008.0,"standard_error":5257590.306482246},"median":{"confidence_interval":{"confidence_level":0.95,"lower_bound":497573500.0,"upper_bound":519627250.0},"point_estimate":506994050.0,"standard_error":5507864.961089704},"median_abs_dev":{"confidence_interval":{"confidence_level":0.95,"lower_bound":23241311.317384243,"upper_bound":48679687.53576279},"point_estimate":30035325.696766376,"standard_error":6875046.480366615},"slope":null,"std_dev":{"confidence_interval":{"confidence_level":0.95,"lower_bound":45546715.025637776,"upper_bound":58582013.31920463},"point_estimate":52777532.71301781,"standard_error":3327982.8549876404}}