{"mean":{"confidence_interval":{"confidence_level":0.95,"lower_bound":0.009156255506146531,"upper_bound":0.060007799157726825},"point_estimate":0.03428691524227023,"standard_error":0.012990690568542431},"median":{"confidence_interval":{"confidence_level":0.95,"lower_bound":0.0016938333773834913,"upper_bound":0.0565409667617327},"point_estimate":0.022332560477390073,"standard_error":0.013604316696345804}}