{"mean":{"confidence_interval":{"confidence_level":0.95,"lower_bound":-0.0834544742069314,"upper_bound":-0.020159752834272897},"point_estimate":-0.052675891127322516,"standard_error":0.016197251636765917},"median":{"confidence_interval":{"confidence_level":0.95,"lower_bound":-0.07664170555424793,"upper_bound":0.05207670990778854},"point_estimate":-0.029968942749993288,"standard_error":0.029376910492083682}}