{"mean":{"confidence_interval":{"confidence_level":0.95,"lower_bound":5476292.536111113,"upper_bound":5506804.894444443},"point_estimate":5491047.555555556,"standard_error":7765.015650928969},"median":{"confidence_interval":{"confidence_level":0.95,"lower_bound":5458633.333333333,"upper_bound":5486933.333333333},"point_estimate":5474355.555555556,"standard_error":6926.907435150446},"median_abs_dev":{"confidence_interval":{"confidence_level":0.95,"lower_bound":46075.91251532268,"upper_bound":82794.97186342951},"point_estimate":59616.99227492068,"standard_error":9379.368680207745},"slope":null,"std_dev":{"confidence_interval":{"confidence_level":0.95,"lower_bound":61786.43328425201,"upper_bound":94200.13581948262},"point_estimate":78150.97433860677,"standard_error":8335.35242380876}}