{"mean":{"confidence_interval":{"confidence_level":0.95,"lower_bound":990560684.675,"upper_bound":1075700032.45},"point_estimate":1031980882.0,"standard_error":21698550.09659595},"median":{"confidence_interval":{"confidence_level":0.95,"lower_bound":947549400.0,"upper_bound":1045253600.0},"point_estimate":991064650.0,"standard_error":24974748.757691894},"median_abs_dev":{"confidence_interval":{"confidence_level":0.95,"lower_bound":134396872.18397856,"upper_bound":233747749.6701479},"point_estimate":191020033.8587165,"standard_error":26327751.56898868},"slope":null,"std_dev":{"confidence_interval":{"confidence_level":0.95,"lower_bound":171185472.69067135,"upper_bound":267608176.97939175},"point_estimate":218216915.8626386,"standard_error":25032399.01352807}}