{"mean":{"confidence_interval":{"confidence_level":0.95,"lower_bound":1296106226.725,"upper_bound":1311820675.125},"point_estimate":1303335597.0,"standard_error":4028750.851401429},"median":{"confidence_interval":{"confidence_level":0.95,"lower_bound":1289369550.0,"upper_bound":1292792600.0},"point_estimate":1290558550.0,"standard_error":885981.7974217022},"median_abs_dev":{"confidence_interval":{"confidence_level":0.95,"lower_bound":5651967.6196575165,"upper_bound":11009490.884542465},"point_estimate":7321523.450016975,"standard_error":1382449.9002024299},"slope":null,"std_dev":{"confidence_interval":{"confidence_level":0.95,"lower_bound":22322101.213048015,"upper_bound":54679478.55128413},"point_estimate":40540779.452993415,"standard_error":8147393.543639069}}