{"mean":{"confidence_interval":{"confidence_level":0.95,"lower_bound":4319296.89583333,"upper_bound":4370404.568749999},"point_estimate":4343170.833333333,"standard_error":13098.323962313396},"median":{"confidence_interval":{"confidence_level":0.95,"lower_bound":4288958.333333333,"upper_bound":4320354.166666666},"point_estimate":4299466.666666666,"standard_error":7960.451650145475},"median_abs_dev":{"confidence_interval":{"confidence_level":0.95,"lower_bound":37509.7793340683,"upper_bound":69768.9926363536},"point_estimate":48876.37913227127,"standard_error":8023.8770819283955},"slope":null,"std_dev":{"confidence_interval":{"confidence_level":0.95,"lower_bound":86596.90503603237,"upper_bound":168636.40786262963},"point_estimate":131793.56575252616,"standard_error":20997.18938130979}}