{"mean":{"confidence_interval":{"confidence_level":0.95,"lower_bound":176651784.375,"upper_bound":181609457.625},"point_estimate":179089476.0,"standard_error":1258899.728426959},"median":{"confidence_interval":{"confidence_level":0.95,"lower_bound":176244100.0,"upper_bound":179214800.0},"point_estimate":178048200.0,"standard_error":810022.5018145025},"median_abs_dev":{"confidence_interval":{"confidence_level":0.95,"lower_bound":7341538.549661636,"upper_bound":14532391.197748477},"point_estimate":11336626.568734646,"standard_error":1883424.1973494946},"slope":null,"std_dev":{"confidence_interval":{"confidence_level":0.95,"lower_bound":10107673.730855465,"upper_bound":15043278.814935789},"point_estimate":12665682.902412672,"standard_error":1263535.1978939415}}