{"mean":{"confidence_interval":{"confidence_level":0.95,"lower_bound":-0.048881188341793856,"upper_bound":-0.01353099996870321},"point_estimate":-0.031002136533540448,"standard_error":0.00903553490350967},"median":{"confidence_interval":{"confidence_level":0.95,"lower_bound":-0.021634939091976113,"upper_bound":-0.004212799316314353},"point_estimate":-0.013999011240066084,"standard_error":0.004554330581736286}}