{"mean":{"confidence_interval":{"confidence_level":0.95,"lower_bound":2054279721.35,"upper_bound":2064139047.525},"point_estimate":2058814996.0,"standard_error":2518582.1040332336},"median":{"confidence_interval":{"confidence_level":0.95,"lower_bound":2049966050.0,"upper_bound":2055660750.0},"point_estimate":2052289450.0,"standard_error":1525506.339551689},"median_abs_dev":{"confidence_interval":{"confidence_level":0.95,"lower_bound":11249597.950279713,"upper_bound":18988695.682883263},"point_estimate":14946757.50464201,"standard_error":1987147.0144237026},"slope":null,"std_dev":{"confidence_interval":{"confidence_level":0.95,"lower_bound":15341192.094280384,"upper_bound":34648802.24688714},"point_estimate":25253615.29618804,"standard_error":5023301.169389026}}