{"mean":{"confidence_interval":{"confidence_level":0.95,"lower_bound":-0.006023637566110794,"upper_bound":0.007630239994961518},"point_estimate":0.00043834435877920797,"standard_error":0.0034963851579621996},"median":{"confidence_interval":{"confidence_level":0.95,"lower_bound":-0.008170369653258569,"upper_bound":0.00069794399859191},"point_estimate":-0.004904717433554584,"standard_error":0.002319091586866899}}