{"mean":{"confidence_interval":{"confidence_level":0.95,"lower_bound":650692739.25,"upper_bound":696747961.75},"point_estimate":673415793.0,"standard_error":11727131.88901605},"median":{"confidence_interval":{"confidence_level":0.95,"lower_bound":639178350.0,"upper_bound":704430600.0},"point_estimate":667006500.0,"standard_error":19021165.643310387},"median_abs_dev":{"confidence_interval":{"confidence_level":0.95,"lower_bound":85631490.36973715,"upper_bound":171519915.3149128},"point_estimate":121212703.65804434,"standard_error":23537986.22895571},"slope":null,"std_dev":{"confidence_interval":{"confidence_level":0.95,"lower_bound":101637412.42645572,"upper_bound":132141812.07370736},"point_estimate":117838240.81628948,"standard_error":7778925.39481029}}