{"mean":{"confidence_interval":{"confidence_level":0.95,"lower_bound":1606888928.925,"upper_bound":1644571700.25},"point_estimate":1624602351.0,"standard_error":9591409.077361902},"median":{"confidence_interval":{"confidence_level":0.95,"lower_bound":1572231600.0,"upper_bound":1610923300.0},"point_estimate":1587829000.0,"standard_error":10916975.627104707},"median_abs_dev":{"confidence_interval":{"confidence_level":0.95,"lower_bound":26381458.061635494,"upper_bound":70747702.59247717},"point_estimate":45332125.0551939,"standard_error":11845389.132591633},"slope":null,"std_dev":{"confidence_interval":{"confidence_level":0.95,"lower_bound":66559379.20064158,"upper_bound":122938646.22921577},"point_estimate":96355776.56425852,"standard_error":14489991.274708385}}