{"mean":{"confidence_interval":{"confidence_level":0.95,"lower_bound":1103701098.3,"upper_bound":1145779400.25},"point_estimate":1124811773.0,"standard_error":10739617.845666861},"median":{"confidence_interval":{"confidence_level":0.95,"lower_bound":1100161700.0,"upper_bound":1152567900.0},"point_estimate":1128823350.0,"standard_error":13557588.630401239},"median_abs_dev":{"confidence_interval":{"confidence_level":0.95,"lower_bound":80838689.43482637,"upper_bound":127067713.34409714},"point_estimate":103073982.54007101,"standard_error":12100968.487703662},"slope":null,"std_dev":{"confidence_interval":{"confidence_level":0.95,"lower_bound":91969145.65760145,"upper_bound":121552951.65472308},"point_estimate":107482184.38342184,"standard_error":7589813.134556714}}