{"mean":{"confidence_interval":{"confidence_level":0.95,"lower_bound":1318723258.35,"upper_bound":1329784061.725},"point_estimate":1323958139.0,"standard_error":2830579.722946952},"median":{"confidence_interval":{"confidence_level":0.95,"lower_bound":1309598100.0,"upper_bound":1317808200.0},"point_estimate":1313181000.0,"standard_error":2145807.2657685652},"median_abs_dev":{"confidence_interval":{"confidence_level":0.95,"lower_bound":10820755.90789318,"upper_bound":23843617.55669117},"point_estimate":16386287.949085236,"standard_error":3395777.500053402},"slope":null,"std_dev":{"confidence_interval":{"confidence_level":0.95,"lower_bound":20755975.89415847,"upper_bound":36208773.968578994},"point_estimate":28473328.675697923,"standard_error":3987449.8610295816}}