{"mean":{"confidence_interval":{"confidence_level":0.95,"lower_bound":348704016.55,"upper_bound":363325323.875},"point_estimate":355983311.0,"standard_error":3731259.144499177},"median":{"confidence_interval":{"confidence_level":0.95,"lower_bound":325750800.0,"upper_bound":380122300.0},"point_estimate":331428500.0,"standard_error":19001995.678267777},"median_abs_dev":{"confidence_interval":{"confidence_level":0.95,"lower_bound":12989058.369398117,"upper_bound":63115170.439481735},"point_estimate":26530236.96899414,"standard_error":15214671.662940904},"slope":null,"std_dev":{"confidence_interval":{"confidence_level":0.95,"lower_bound":34958419.12400468,"upper_bound":40064468.36056168},"point_estimate":37657222.41253127,"standard_error":1301245.2856072418}}