{"mean":{"confidence_interval":{"confidence_level":0.95,"lower_bound":4101605.461538461,"upper_bound":4129892.865384616},"point_estimate":4115476.76923077,"standard_error":7239.822510791911},"median":{"confidence_interval":{"confidence_level":0.95,"lower_bound":4103800.0,"upper_bound":4118796.153846154},"point_estimate":4114023.076923077,"standard_error":4075.6232724514757},"median_abs_dev":{"confidence_interval":{"confidence_level":0.95,"lower_bound":33119.00248894389,"upper_bound":72550.45948120246},"point_estimate":51583.07446883283,"standard_error":10361.668794190797},"slope":null,"std_dev":{"confidence_interval":{"confidence_level":0.95,"lower_bound":58573.297202293266,"upper_bound":84759.52978904998},"point_estimate":72451.66769337343,"standard_error":6700.648473341593}}