{"mean":{"confidence_interval":{"confidence_level":0.95,"lower_bound":2.1809517901188276,"upper_bound":2.3131144308648657},"point_estimate":2.244085550132115,"standard_error":0.033627814306228875},"median":{"confidence_interval":{"confidence_level":0.95,"lower_bound":2.099095534983093,"upper_bound":2.2466982248312495},"point_estimate":2.144734755667537,"standard_error":0.03610244706532292}}