{"mean":{"confidence_interval":{"confidence_level":0.95,"lower_bound":93.81757641499286,"upper_bound":99.25307810486743},"point_estimate":96.34578201739602,"standard_error":1.3755143898588733},"median":{"confidence_interval":{"confidence_level":0.95,"lower_bound":95.05433965237296,"upper_bound":97.4994086009507},"point_estimate":96.36930125428736,"standard_error":0.6435204470907437}}