{"mean":{"confidence_interval":{"confidence_level":0.95,"lower_bound":856045937.6,"upper_bound":903888762.625},"point_estimate":879402066.0,"standard_error":12197328.025561202},"median":{"confidence_interval":{"confidence_level":0.95,"lower_bound":864919850.0,"upper_bound":884069300.0},"point_estimate":875074950.0,"standard_error":7409302.957088282},"median_abs_dev":{"confidence_interval":{"confidence_level":0.95,"lower_bound":56314039.580225945,"upper_bound":167611040.4843092},"point_estimate":147218841.5363431,"standard_error":29078507.38423385},"slope":null,"std_dev":{"confidence_interval":{"confidence_level":0.95,"lower_bound":103623832.78785637,"upper_bound":137298056.0629534},"point_estimate":122070233.4860288,"standard_error":8589542.870024217}}