{"mean":{"confidence_interval":{"confidence_level":0.95,"lower_bound":604743287.5,"upper_bound":626386338.4},"point_estimate":615760265.0,"standard_error":5524578.484062027},"median":{"confidence_interval":{"confidence_level":0.95,"lower_bound":625972000.0,"upper_bound":649822400.0},"point_estimate":638849150.0,"standard_error":6186729.433348566},"median_abs_dev":{"confidence_interval":{"confidence_level":0.95,"lower_bound":20143270.412385464,"upper_bound":52788490.972816944},"point_estimate":31094346.857964993,"standard_error":7942838.391936033},"slope":null,"std_dev":{"confidence_interval":{"confidence_level":0.95,"lower_bound":49197082.51263818,"upper_bound":60489426.06456609},"point_estimate":55776438.025256984,"standard_error":2879106.7544621364}}