{"mean":{"confidence_interval":{"confidence_level":0.95,"lower_bound":458263896.975,"upper_bound":493540488.09999996},"point_estimate":475389965.0,"standard_error":8984182.700909555},"median":{"confidence_interval":{"confidence_level":0.95,"lower_bound":406654500.0,"upper_bound":527577850.0},"point_estimate":452686750.0,"standard_error":43644418.488066934},"median_abs_dev":{"confidence_interval":{"confidence_level":0.95,"lower_bound":41871217.80663729,"upper_bound":152218613.4275794},"point_estimate":105956824.05889034,"standard_error":30410659.642881453},"slope":null,"std_dev":{"confidence_interval":{"confidence_level":0.95,"lower_bound":78170138.59743917,"upper_bound":101460847.19913098},"point_estimate":89703443.8933802,"standard_error":6005439.699964386}}