{"mean":{"confidence_interval":{"confidence_level":0.95,"lower_bound":-0.07382089377014024,"upper_bound":-0.020451832716641825},"point_estimate":-0.045982257464291076,"standard_error":0.013470345047899799},"median":{"confidence_interval":{"confidence_level":0.95,"lower_bound":-0.11384966027769738,"upper_bound":0.04609396900642304},"point_estimate":-0.08073441283479199,"standard_error":0.04913432288622902}}