{"mean":{"confidence_interval":{"confidence_level":0.95,"lower_bound":5707687.422222223,"upper_bound":5754771.000000001},"point_estimate":5728832.333333334,"standard_error":12021.446007999994},"median":{"confidence_interval":{"confidence_level":0.95,"lower_bound":5690433.333333333,"upper_bound":5725788.888888889},"point_estimate":5711922.222222222,"standard_error":9442.499036041334},"median_abs_dev":{"confidence_interval":{"confidence_level":0.95,"lower_bound":58093.00305197527,"upper_bound":99301.2515703847},"point_estimate":71313.05873394012,"standard_error":10718.483782560605},"slope":null,"std_dev":{"confidence_interval":{"confidence_level":0.95,"lower_bound":68964.32530308813,"upper_bound":175650.28577397834},"point_estimate":120559.35042509997,"standard_error":30789.43674524392}}