{"mean":{"confidence_interval":{"confidence_level":0.95,"lower_bound":3.7220678724805585,"upper_bound":3.9615477518842437},"point_estimate":3.8366085057833814,"standard_error":0.061131958019594625},"median":{"confidence_interval":{"confidence_level":0.95,"lower_bound":3.6943861193256513,"upper_bound":3.8545642953675054},"point_estimate":3.7602093332758972,"standard_error":0.04063764972882323}}