{"mean":{"confidence_interval":{"confidence_level":0.95,"lower_bound":324553999.95,"upper_bound":327266696.825},"point_estimate":325838333.0,"standard_error":697134.9585626498},"median":{"confidence_interval":{"confidence_level":0.95,"lower_bound":322348100.0,"upper_bound":323365700.0},"point_estimate":322859150.0,"standard_error":264215.1908714447},"median_abs_dev":{"confidence_interval":{"confidence_level":0.95,"lower_bound":1543384.7193494441,"upper_bound":3178101.303577423},"point_estimate":2322048.078775406,"standard_error":445501.5636881067},"slope":null,"std_dev":{"confidence_interval":{"confidence_level":0.95,"lower_bound":5092145.755520065,"upper_bound":8758832.564704757},"point_estimate":7010759.970304449,"standard_error":943677.0531609731}}