{"mean":{"confidence_interval":{"confidence_level":0.95,"lower_bound":3954364.083333333,"upper_bound":4114878.670833333},"point_estimate":4023754.333333333,"standard_error":41324.66831954937},"median":{"confidence_interval":{"confidence_level":0.95,"lower_bound":3922412.5,"upper_bound":3990023.02083333},"point_estimate":3951333.3333333335,"standard_error":17653.662146731807},"median_abs_dev":{"confidence_interval":{"confidence_level":0.95,"lower_bound":131197.74267077423,"upper_bound":227782.9534560442},"point_estimate":183138.1617486477,"standard_error":25256.039693286366},"slope":null,"std_dev":{"confidence_interval":{"confidence_level":0.95,"lower_bound":166689.4610069829,"upper_bound":636908.7719252621},"point_estimate":417241.7922374342,"standard_error":127351.4876193287}}