{"mean":{"confidence_interval":{"confidence_level":0.95,"lower_bound":34078210.5,"upper_bound":34709895.675},"point_estimate":34374889.0,"standard_error":161339.1297918729},"median":{"confidence_interval":{"confidence_level":0.95,"lower_bound":33666400.0,"upper_bound":34210650.0},"point_estimate":33903225.0,"standard_error":124813.46278706109},"median_abs_dev":{"confidence_interval":{"confidence_level":0.95,"lower_bound":909019.1088616848,"upper_bound":1523411.317829042},"point_estimate":1254946.7477202415,"standard_error":158340.82900693928},"slope":null,"std_dev":{"confidence_interval":{"confidence_level":0.95,"lower_bound":1154202.3175856636,"upper_bound":2100795.6684304043},"point_estimate":1625020.3183435255,"standard_error":247395.6830000499}}