{"mean":{"confidence_interval":{"confidence_level":0.95,"lower_bound":350898808.025,"upper_bound":368150520.925},"point_estimate":359291419.0,"standard_error":4398253.26750751},"median":{"confidence_interval":{"confidence_level":0.95,"lower_bound":325980700.0,"upper_bound":383971500.0},"point_estimate":336169450.0,"standard_error":18566957.846905075},"median_abs_dev":{"confidence_interval":{"confidence_level":0.95,"lower_bound":14334147.195518017,"upper_bound":69457140.08688927},"point_estimate":32126977.73963213,"standard_error":17034116.500733893},"slope":null,"std_dev":{"confidence_interval":{"confidence_level":0.95,"lower_bound":37265828.713090174,"upper_bound":52462388.25316457},"point_estimate":44251871.38175757,"standard_error":4012116.460123559}}