{"mean":{"confidence_interval":{"confidence_level":0.95,"lower_bound":421928205.125,"upper_bound":437408088.35},"point_estimate":429731739.0,"standard_error":3982820.918918729},"median":{"confidence_interval":{"confidence_level":0.95,"lower_bound":423871200.0,"upper_bound":452417100.0},"point_estimate":449910350.0,"standard_error":7150815.816843865},"median_abs_dev":{"confidence_interval":{"confidence_level":0.95,"lower_bound":26856169.893957675,"upper_bound":55133222.83118963},"point_estimate":36410283.19358826,"standard_error":7317262.010174177},"slope":null,"std_dev":{"confidence_interval":{"confidence_level":0.95,"lower_bound":36290081.0349995,"upper_bound":42829900.91603759},"point_estimate":39943501.28736739,"standard_error":1668704.7392341667}}