{"mean":{"confidence_interval":{"confidence_level":0.95,"lower_bound":0.009011767792951516,"upper_bound":0.030768419280249707},"point_estimate":0.01865606177180834,"standard_error":0.005754687171610911},"median":{"confidence_interval":{"confidence_level":0.95,"lower_bound":-0.017829881571708173,"upper_bound":0.0036801635497132335},"point_estimate":-0.008594201924220557,"standard_error":0.005189205203342665}}