{"mean":{"confidence_interval":{"confidence_level":0.95,"lower_bound":786979780.0,"upper_bound":810599484.475},"point_estimate":798368541.0,"standard_error":6007485.646919117},"median":{"confidence_interval":{"confidence_level":0.95,"lower_bound":773337800.0,"upper_bound":796555200.0},"point_estimate":788476500.0,"standard_error":5686182.99235448},"median_abs_dev":{"confidence_interval":{"confidence_level":0.95,"lower_bound":31031855.26907444,"upper_bound":49867546.63467407},"point_estimate":40722944.12702322,"standard_error":4866230.484939719},"slope":null,"std_dev":{"confidence_interval":{"confidence_level":0.95,"lower_bound":47327204.35971889,"upper_bound":72162818.50094517},"point_estimate":60674760.84456763,"standard_error":6353195.398788588}}