{"mean":{"confidence_interval":{"confidence_level":0.95,"lower_bound":326105493.85,"upper_bound":327790597.65},"point_estimate":326928402.0,"standard_error":430899.8786883652},"median":{"confidence_interval":{"confidence_level":0.95,"lower_bound":324316200.0,"upper_bound":326438200.0},"point_estimate":324800200.0,"standard_error":665559.9713570881},"median_abs_dev":{"confidence_interval":{"confidence_level":0.95,"lower_bound":1970820.1450109482,"upper_bound":5191916.84782505},"point_estimate":2934732.5178980827,"standard_error":865924.8678820137},"slope":null,"std_dev":{"confidence_interval":{"confidence_level":0.95,"lower_bound":3608633.520420722,"upper_bound":5068572.358277983},"point_estimate":4335667.861477221,"standard_error":375316.87248043803}}