{"mean":{"confidence_interval":{"confidence_level":0.95,"lower_bound":2084115675.575,"upper_bound":2088522549.025},"point_estimate":2086264700.0,"standard_error":1122669.2697370904},"median":{"confidence_interval":{"confidence_level":0.95,"lower_bound":2081822900.0,"upper_bound":2086932500.0},"point_estimate":2083998750.0,"standard_error":1250700.665007149},"median_abs_dev":{"confidence_interval":{"confidence_level":0.95,"lower_bound":7776088.601946831,"upper_bound":12338715.890944004},"point_estimate":10213038.178682327,"standard_error":1122704.7178777803},"slope":null,"std_dev":{"confidence_interval":{"confidence_level":0.95,"lower_bound":8857699.95355042,"upper_bound":13968166.911493693},"point_estimate":11307458.051751561,"standard_error":1338885.591135193}}