{"mean":{"confidence_interval":{"confidence_level":0.95,"lower_bound":1376990315.0,"upper_bound":1428584265.7},"point_estimate":1402966659.0,"standard_error":13132838.954362007},"median":{"confidence_interval":{"confidence_level":0.95,"lower_bound":1379658700.0,"upper_bound":1446348600.0},"point_estimate":1408828450.0,"standard_error":15685580.828651804},"median_abs_dev":{"confidence_interval":{"confidence_level":0.95,"lower_bound":93925525.2724886,"upper_bound":176899825.8394003},"point_estimate":124633580.70731163,"standard_error":21734022.96711662},"slope":null,"std_dev":{"confidence_interval":{"confidence_level":0.95,"lower_bound":114613942.83444594,"upper_bound":148087904.4636334},"point_estimate":132168187.23713252,"standard_error":8553810.874305384}}