{"mean":{"confidence_interval":{"confidence_level":0.95,"lower_bound":1274280983.75,"upper_bound":1366882135.1},"point_estimate":1319987685.0,"standard_error":23643472.478746932},"median":{"confidence_interval":{"confidence_level":0.95,"lower_bound":1228868900.0,"upper_bound":1365001700.0},"point_estimate":1330037750.0,"standard_error":35346304.862449616},"median_abs_dev":{"confidence_interval":{"confidence_level":0.95,"lower_bound":220576034.98399258,"upper_bound":322978622.12598324},"point_estimate":279033543.47616434,"standard_error":24825648.882222883},"slope":null,"std_dev":{"confidence_interval":{"confidence_level":0.95,"lower_bound":206100365.70709753,"upper_bound":265598277.16275045},"point_estimate":236946044.89132562,"standard_error":15149664.801617108}}