{"mean":{"confidence_interval":{"confidence_level":0.95,"lower_bound":-0.13886302754696414,"upper_bound":-0.08498586227795595},"point_estimate":-0.11084297938910725,"standard_error":0.013807638771032102},"median":{"confidence_interval":{"confidence_level":0.95,"lower_bound":-0.10523895321845533,"upper_bound":-0.06006847920544445},"point_estimate":-0.08290774115445543,"standard_error":0.010768275714763766}}