{"mean":{"confidence_interval":{"confidence_level":0.95,"lower_bound":-0.5389301321720014,"upper_bound":-0.4988545215604927},"point_estimate":-0.5195487899518192,"standard_error":0.010298852719817217},"median":{"confidence_interval":{"confidence_level":0.95,"lower_bound":-0.6023235841864105,"upper_bound":-0.4364061720614377},"point_estimate":-0.5555646369503793,"standard_error":0.04757112339582835}}