{"mean":{"confidence_interval":{"confidence_level":0.95,"lower_bound":0.013413601303854253,"upper_bound":0.0664865437626988},"point_estimate":0.04016215310298099,"standard_error":0.013682668977612679},"median":{"confidence_interval":{"confidence_level":0.95,"lower_bound":0.028157830684907736,"upper_bound":0.16926421019430737},"point_estimate":0.15331213294135115,"standard_error":0.03517604002425075}}