{"mean":{"confidence_interval":{"confidence_level":0.95,"lower_bound":3862448.090909089,"upper_bound":3900563.727272726},"point_estimate":3880473.545454543,"standard_error":9818.671823733617},"median":{"confidence_interval":{"confidence_level":0.95,"lower_bound":3840422.7272727275,"upper_bound":3865836.3636363638},"point_estimate":3846700.0,"standard_error":6535.690317416301},"median_abs_dev":{"confidence_interval":{"confidence_level":0.95,"lower_bound":33425.8903156621,"upper_bound":59263.5644024069},"point_estimate":43480.61377351931,"standard_error":6780.199451863895},"slope":null,"std_dev":{"confidence_interval":{"confidence_level":0.95,"lower_bound":67525.50382052602,"upper_bound":124985.66675419011},"point_estimate":98550.09625939293,"standard_error":14763.63931117129}}