{"mean":{"confidence_interval":{"confidence_level":0.95,"lower_bound":504241139.925,"upper_bound":525294072.34999996},"point_estimate":514892727.0,"standard_error":5359085.98081731},"median":{"confidence_interval":{"confidence_level":0.95,"lower_bound":512595200.0,"upper_bound":531330500.0},"point_estimate":523380800.0,"standard_error":4324810.52932423},"median_abs_dev":{"confidence_interval":{"confidence_level":0.95,"lower_bound":24562307.893931866,"upper_bound":48448327.80987024},"point_estimate":33602535.363435745,"standard_error":5956366.533122347},"slope":null,"std_dev":{"confidence_interval":{"confidence_level":0.95,"lower_bound":45638898.506082684,"upper_bound":61281410.54195709},"point_estimate":54065567.86230314,"standard_error":3974440.05461814}}