{"mean":{"confidence_interval":{"confidence_level":0.95,"lower_bound":196391278.65,"upper_bound":202639572.0},"point_estimate":199475232.0,"standard_error":1594383.8610404541},"median":{"confidence_interval":{"confidence_level":0.95,"lower_bound":194694900.0,"upper_bound":201825250.0},"point_estimate":197869250.0,"standard_error":1933825.2186691733},"median_abs_dev":{"confidence_interval":{"confidence_level":0.95,"lower_bound":9660695.558488369,"upper_bound":18661337.60869503},"point_estimate":12670818.285048008,"standard_error":2273027.012830626},"slope":null,"std_dev":{"confidence_interval":{"confidence_level":0.95,"lower_bound":13472062.881511977,"upper_bound":18395426.951305408},"point_estimate":16008178.21931621,"standard_error":1261157.8463209905}}