{"mean":{"confidence_interval":{"confidence_level":0.95,"lower_bound":364476085.275,"upper_bound":374348150.0},"point_estimate":369270787.0,"standard_error":2518938.474372368},"median":{"confidence_interval":{"confidence_level":0.95,"lower_bound":356067600.0,"upper_bound":369696200.0},"point_estimate":358957950.0,"standard_error":3307699.20812174},"median_abs_dev":{"confidence_interval":{"confidence_level":0.95,"lower_bound":13445106.121301651,"upper_bound":27273093.685805798},"point_estimate":18571788.570284843,"standard_error":3335732.2548853112},"slope":null,"std_dev":{"confidence_interval":{"confidence_level":0.95,"lower_bound":20547234.08248429,"upper_bound":29352731.862085726},"point_estimate":25189871.975264832,"standard_error":2246212.1199894105}}