{"mean":{"confidence_interval":{"confidence_level":0.95,"lower_bound":-0.08037874691387313,"upper_bound":-0.030247845917419313},"point_estimate":-0.054686114543834985,"standard_error":0.012702214952877072},"median":{"confidence_interval":{"confidence_level":0.95,"lower_bound":-0.0042608201103603825,"upper_bound":0.04886384043773484},"point_estimate":0.02654906717441685,"standard_error":0.013455159008949787}}