{"mean":{"confidence_interval":{"confidence_level":0.95,"lower_bound":538407125.7,"upper_bound":550336175.15},"point_estimate":543926399.0,"standard_error":3033365.195398003},"median":{"confidence_interval":{"confidence_level":0.95,"lower_bound":535301450.0,"upper_bound":544789850.0},"point_estimate":539856050.0,"standard_error":2338109.8033302287},"median_abs_dev":{"confidence_interval":{"confidence_level":0.95,"lower_bound":15846547.428667545,"upper_bound":27785109.5867157},"point_estimate":21330388.21130991,"standard_error":3047415.475125011},"slope":null,"std_dev":{"confidence_interval":{"confidence_level":0.95,"lower_bound":19917466.366110906,"upper_bound":42311035.834573776},"point_estimate":30432666.986437008,"standard_error":6364323.941745424}}