{"mean":{"confidence_interval":{"confidence_level":0.95,"lower_bound":1025129918.55,"upper_bound":1074981097.325},"point_estimate":1049702696.0,"standard_error":12716791.347219603},"median":{"confidence_interval":{"confidence_level":0.95,"lower_bound":1015899700.0,"upper_bound":1079400400.0},"point_estimate":1034821200.0,"standard_error":17256610.664535474},"median_abs_dev":{"confidence_interval":{"confidence_level":0.95,"lower_bound":106878852.98252106,"upper_bound":166827931.17821217},"point_estimate":140696735.99213362,"standard_error":15011947.504114434},"slope":null,"std_dev":{"confidence_interval":{"confidence_level":0.95,"lower_bound":109037484.73838122,"upper_bound":146728223.92552096},"point_estimate":127627839.01448958,"standard_error":9714096.534794426}}