{"mean":{"confidence_interval":{"confidence_level":0.95,"lower_bound":42410807.5,"upper_bound":43350638.075},"point_estimate":42853997.5,"standard_error":240419.8507611358},"median":{"confidence_interval":{"confidence_level":0.95,"lower_bound":41862050.0,"upper_bound":42571300.0},"point_estimate":42199100.0,"standard_error":183299.8931544357},"median_abs_dev":{"confidence_interval":{"confidence_level":0.95,"lower_bound":1105871.3203668594,"upper_bound":1915556.2309920788},"point_estimate":1524038.6429429054,"standard_error":211471.23740980733},"slope":null,"std_dev":{"confidence_interval":{"confidence_level":0.95,"lower_bound":1680364.204931036,"upper_bound":3078504.6249212087},"point_estimate":2413486.921723851,"standard_error":358565.8967860646}}