{"mean":{"confidence_interval":{"confidence_level":0.95,"lower_bound":40380847.9875,"upper_bound":40594817.3625},"point_estimate":40472025.0,"standard_error":55168.65361428091},"median":{"confidence_interval":{"confidence_level":0.95,"lower_bound":40331025.0,"upper_bound":40413900.0},"point_estimate":40374925.0,"standard_error":22496.382114565775},"median_abs_dev":{"confidence_interval":{"confidence_level":0.95,"lower_bound":137733.5375547409,"upper_bound":222983.03604125977},"point_estimate":180506.5467953682,"standard_error":21417.304513285195},"slope":null,"std_dev":{"confidence_interval":{"confidence_level":0.95,"lower_bound":170526.02589415954,"upper_bound":845610.0471717314},"point_estimate":555806.6637325383,"standard_error":181462.37243791483}}