{"mean":{"confidence_interval":{"confidence_level":0.95,"lower_bound":465745061.0,"upper_bound":486769717.375},"point_estimate":476357819.0,"standard_error":5362345.784676216},"median":{"confidence_interval":{"confidence_level":0.95,"lower_bound":476601300.0,"upper_bound":485199000.0},"point_estimate":481867400.0,"standard_error":2106173.3751550727},"median_abs_dev":{"confidence_interval":{"confidence_level":0.95,"lower_bound":16511419.386863708,"upper_bound":34742432.35319853},"point_estimate":26480125.089883804,"standard_error":4642891.18710809},"slope":null,"std_dev":{"confidence_interval":{"confidence_level":0.95,"lower_bound":43392193.74178659,"upper_bound":63819762.363797136},"point_estimate":54085224.242786184,"standard_error":5214254.354647304}}