{"mean":{"confidence_interval":{"confidence_level":0.95,"lower_bound":69991570.175,"upper_bound":70575846.475},"point_estimate":70234052.0,"standard_error":151346.3596838316},"median":{"confidence_interval":{"confidence_level":0.95,"lower_bound":69802600.0,"upper_bound":70231900.0},"point_estimate":69975300.0,"standard_error":111259.90887490641},"median_abs_dev":{"confidence_interval":{"confidence_level":0.95,"lower_bound":521356.2807440758,"upper_bound":786667.5460338593},"point_estimate":626101.9688844681,"standard_error":69462.35428491433},"slope":null,"std_dev":{"confidence_interval":{"confidence_level":0.95,"lower_bound":610846.9824763957,"upper_bound":2397368.127674935},"point_estimate":1513634.4043381016,"standard_error":562411.3941464914}}