{"mean":{"confidence_interval":{"confidence_level":0.95,"lower_bound":-0.03321816482765434,"upper_bound":-0.024332321932883105},"point_estimate":-0.028789606122478606,"standard_error":0.0022653652557488206},"median":{"confidence_interval":{"confidence_level":0.95,"lower_bound":-0.03315258285541689,"upper_bound":-0.024884675308341375},"point_estimate":-0.028674923846067513,"standard_error":0.0020722031395069883}}