{"mean":{"confidence_interval":{"confidence_level":0.95,"lower_bound":383879403.15,"upper_bound":403621288.675},"point_estimate":393403316.0,"standard_error":5046312.24412089},"median":{"confidence_interval":{"confidence_level":0.95,"lower_bound":382535200.0,"upper_bound":409146400.0},"point_estimate":401852050.0,"standard_error":7047143.02635326},"median_abs_dev":{"confidence_interval":{"confidence_level":0.95,"lower_bound":29751259.54180956,"upper_bound":63678187.77948618},"point_estimate":48379535.17109156,"standard_error":9261716.841752637},"slope":null,"std_dev":{"confidence_interval":{"confidence_level":0.95,"lower_bound":39246097.69994632,"upper_bound":62468592.87965929},"point_estimate":50710996.35976143,"standard_error":6017721.832958956}}