{"mean":{"confidence_interval":{"confidence_level":0.95,"lower_bound":-0.03215164253834504,"upper_bound":-0.02402698685611214},"point_estimate":-0.028125664766691538,"standard_error":0.002062819250533553},"median":{"confidence_interval":{"confidence_level":0.95,"lower_bound":-0.033968177387627474,"upper_bound":-0.02480976474966534},"point_estimate":-0.028257323690039082,"standard_error":0.0023293063841230265}}