{"mean":{"confidence_interval":{"confidence_level":0.95,"lower_bound":5551926.211111112,"upper_bound":5612351.930555555},"point_estimate":5580081.444444444,"standard_error":15418.922401183874},"median":{"confidence_interval":{"confidence_level":0.95,"lower_bound":5513622.222222222,"upper_bound":5538466.666666666},"point_estimate":5523150.0,"standard_error":7166.415190860019},"median_abs_dev":{"confidence_interval":{"confidence_level":0.95,"lower_bound":35030.54271141719,"upper_bound":67870.13212839793},"point_estimate":50523.71243635775,"standard_error":8668.713145280637},"slope":null,"std_dev":{"confidence_interval":{"confidence_level":0.95,"lower_bound":100790.16906783749,"upper_bound":197762.90202091637},"point_estimate":155200.65695199705,"standard_error":24536.525481377295}}