{"mean":{"confidence_interval":{"confidence_level":0.95,"lower_bound":882671709.625,"upper_bound":923458683.0},"point_estimate":902865967.0,"standard_error":10422671.026951693},"median":{"confidence_interval":{"confidence_level":0.95,"lower_bound":873904100.0,"upper_bound":932800400.0},"point_estimate":894247200.0,"standard_error":13296523.735824391},"median_abs_dev":{"confidence_interval":{"confidence_level":0.95,"lower_bound":82875781.79866076,"upper_bound":129265445.4150796},"point_estimate":103729069.3384409,"standard_error":10803724.409299813},"slope":null,"std_dev":{"confidence_interval":{"confidence_level":0.95,"lower_bound":90440100.37885031,"upper_bound":117470266.83865088},"point_estimate":104720453.64827453,"standard_error":6899180.423031207}}