{"mean":{"confidence_interval":{"confidence_level":0.95,"lower_bound":396869041.0,"upper_bound":413286425.7},"point_estimate":404979283.0,"standard_error":4180870.7236643084},"median":{"confidence_interval":{"confidence_level":0.95,"lower_bound":402530200.0,"upper_bound":408810300.0},"point_estimate":405498350.0,"standard_error":1485054.3897414017},"median_abs_dev":{"confidence_interval":{"confidence_level":0.95,"lower_bound":10327198.376655579,"upper_bound":30110715.905427933},"point_estimate":17323513.522446156,"standard_error":5104125.740106956},"slope":null,"std_dev":{"confidence_interval":{"confidence_level":0.95,"lower_bound":34462749.07507008,"upper_bound":48513180.52402855},"point_estimate":41806251.11083792,"standard_error":3595853.087905209}}