{"mean":{"confidence_interval":{"confidence_level":0.95,"lower_bound":4397862.59375,"upper_bound":4493728.94375},"point_estimate":4441320.166666665,"standard_error":24553.936911877256},"median":{"confidence_interval":{"confidence_level":0.95,"lower_bound":4341804.166666667,"upper_bound":4400100.0},"point_estimate":4368566.666666666,"standard_error":16850.78522411187},"median_abs_dev":{"confidence_interval":{"confidence_level":0.95,"lower_bound":66673.75631630374,"upper_bound":121641.15034043812},"point_estimate":82908.22602808499,"standard_error":15088.423008270482},"slope":null,"std_dev":{"confidence_interval":{"confidence_level":0.95,"lower_bound":134159.74647280073,"upper_bound":342147.41889172705},"point_estimate":247550.63561707202,"standard_error":52860.21609991502}}